{"cameraMode":{"drawMode":0,"name":"Shaded","section":"Shading Mode"},"sceneLighting":false,"audioPlay":false,"sceneViewState":{"m_AlwaysRefresh":false,"showFog":true,"showSkybox":false,"showFlares":true,"showImageEffects":true,"showParticleSystems":true,"showVisualEffectGraphs":true,"m_FxEnabled":true},"in2DMode":false,"pivot":{"x":-0.46276983618736269,"y":0.2903318405151367,"z":0.1691233366727829},"rotation":{"x":-0.13808219134807588,"y":0.8584194183349609,"z":-0.30501624941825869,"w":-0.38860875368118288},"size":2.7404661178588869,"orthographic":false}